<?xml version="1.0" encoding="UTF-8"?>
<!-- Product Version: Vivado v2020.2 (64-bit)                     -->
<!--                                                              -->
<!-- Copyright 1986-2020 Xilinx, Inc. All Rights Reserved.        -->

<hwsession version="1" minor="2">
  <device name="xc7z020_1" gui_info=""/>
  <ObjectList object_type="hw_device" gui_info="">
    <Object name="xc7z020_1" gui_info="">
      <Properties Property="FULL_PROBES.FILE" value="$_project_name_.runs/impl_1/design_1_wrapper.ltx"/>
      <Properties Property="PROBES.FILE" value="$_project_name_.runs/impl_1/design_1_wrapper.ltx"/>
      <Properties Property="PROGRAM.HW_BITSTREAM" value="$_project_name_.runs/impl_1/design_1_wrapper.bit"/>
      <Properties Property="SLR.COUNT" value="1"/>
    </Object>
  </ObjectList>
  <ObjectList object_type="hw_probe" gui_info="">
    <Object name="design_1_i/seq_mult_0_done" gui_info="hw_vios/hw_vio_1=0"/>
    <Object name="design_1_i/seq_mult_0_p[15:0]" gui_info="hw_vios/hw_vio_1=1"/>
    <Object name="design_1_i/vio_0_probe_out0" gui_info="hw_vios/hw_vio_1=2"/>
    <Object name="design_1_i/vio_0_probe_out1[7:0]" gui_info="hw_vios/hw_vio_1=3"/>
    <Object name="design_1_i/vio_0_probe_out2[7:0]" gui_info="hw_vios/hw_vio_1=4"/>
  </ObjectList>
  <ObjectList object_type="hw_vio" gui_info="">
    <Object name="hw_vio_1" gui_info="hw_vios/hw_vio_1/TablePreference=5	680	Name	0	2147483647	15	259	259	Value	1	2147483647	15	224	224	Activity	2	2147483647	15	57	57	Direction	3	2147483647	15	70	70	VIO	4	2147483647	15	70	70			1	6	1	Name	Value	Activity	Direction	VIO"/>
  </ObjectList>
  <probeset name="hw project" active="false">
    <probe type="vio_input" busType="net" source="netlist" spec="VIO_INPUT_V2_RT">
      <probeOptions Id="DebugProbeParams">
        <Option Id="ACTIVITY_PERSISTENCE" value="SHORT"/>
        <Option Id="DISPLAY_HINT" value=""/>
        <Option Id="DISPLAY_VISIBILITY" value=""/>
        <Option Id="HW_VIO" value="hw_vio_1"/>
        <Option Id="INPUT_VALUE_RADIX" value="BINARY"/>
        <Option Id="NAME.CUSTOM" value=""/>
        <Option Id="NAME.SELECT" value="Long"/>
        <Option Id="SOURCE" value="netlist"/>
      </probeOptions>
      <nets>
        <net name="design_1_i/seq_mult_0_done"/>
      </nets>
    </probe>
    <probe type="vio_input" busType="bus" source="netlist" spec="VIO_INPUT_V2_RT">
      <probeOptions Id="DebugProbeParams">
        <Option Id="ACTIVITY_PERSISTENCE" value="SHORT"/>
        <Option Id="DISPLAY_HINT" value=""/>
        <Option Id="DISPLAY_VISIBILITY" value=""/>
        <Option Id="HW_VIO" value="hw_vio_1"/>
        <Option Id="INPUT_VALUE_RADIX" value="SIGNED"/>
        <Option Id="NAME.CUSTOM" value=""/>
        <Option Id="NAME.SELECT" value="Long"/>
        <Option Id="SOURCE" value="netlist"/>
      </probeOptions>
      <nets>
        <net name="design_1_i/seq_mult_0_p[15]"/>
        <net name="design_1_i/seq_mult_0_p[14]"/>
        <net name="design_1_i/seq_mult_0_p[13]"/>
        <net name="design_1_i/seq_mult_0_p[12]"/>
        <net name="design_1_i/seq_mult_0_p[11]"/>
        <net name="design_1_i/seq_mult_0_p[10]"/>
        <net name="design_1_i/seq_mult_0_p[9]"/>
        <net name="design_1_i/seq_mult_0_p[8]"/>
        <net name="design_1_i/seq_mult_0_p[7]"/>
        <net name="design_1_i/seq_mult_0_p[6]"/>
        <net name="design_1_i/seq_mult_0_p[5]"/>
        <net name="design_1_i/seq_mult_0_p[4]"/>
        <net name="design_1_i/seq_mult_0_p[3]"/>
        <net name="design_1_i/seq_mult_0_p[2]"/>
        <net name="design_1_i/seq_mult_0_p[1]"/>
        <net name="design_1_i/seq_mult_0_p[0]"/>
      </nets>
    </probe>
    <probe type="vio_output" busType="net" source="netlist" spec="VIO_OUTPUT_V2_RT">
      <probeOptions Id="DebugProbeParams">
        <Option Id="DISPLAY_HINT" value="OutputDisplay:Toggle;"/>
        <Option Id="DISPLAY_VISIBILITY" value=""/>
        <Option Id="HW_VIO" value="hw_vio_1"/>
        <Option Id="NAME.CUSTOM" value=""/>
        <Option Id="NAME.SELECT" value="Long"/>
        <Option Id="OUTPUT_VALUE" value="0"/>
        <Option Id="OUTPUT_VALUE_RADIX" value="BINARY"/>
        <Option Id="SOURCE" value="netlist"/>
      </probeOptions>
      <nets>
        <net name="design_1_i/vio_0_probe_out0"/>
      </nets>
    </probe>
    <probe type="vio_output" busType="bus" source="netlist" spec="VIO_OUTPUT_V2_RT">
      <probeOptions Id="DebugProbeParams">
        <Option Id="DISPLAY_HINT" value=""/>
        <Option Id="DISPLAY_VISIBILITY" value=""/>
        <Option Id="HW_VIO" value="hw_vio_1"/>
        <Option Id="NAME.CUSTOM" value=""/>
        <Option Id="NAME.SELECT" value="Long"/>
        <Option Id="OUTPUT_VALUE" value="-128"/>
        <Option Id="OUTPUT_VALUE_RADIX" value="SIGNED"/>
        <Option Id="SOURCE" value="netlist"/>
      </probeOptions>
      <nets>
        <net name="design_1_i/vio_0_probe_out1[7]"/>
        <net name="design_1_i/vio_0_probe_out1[6]"/>
        <net name="design_1_i/vio_0_probe_out1[5]"/>
        <net name="design_1_i/vio_0_probe_out1[4]"/>
        <net name="design_1_i/vio_0_probe_out1[3]"/>
        <net name="design_1_i/vio_0_probe_out1[2]"/>
        <net name="design_1_i/vio_0_probe_out1[1]"/>
        <net name="design_1_i/vio_0_probe_out1[0]"/>
      </nets>
    </probe>
    <probe type="vio_output" busType="bus" source="netlist" spec="VIO_OUTPUT_V2_RT">
      <probeOptions Id="DebugProbeParams">
        <Option Id="DISPLAY_HINT" value=""/>
        <Option Id="DISPLAY_VISIBILITY" value=""/>
        <Option Id="HW_VIO" value="hw_vio_1"/>
        <Option Id="NAME.CUSTOM" value=""/>
        <Option Id="NAME.SELECT" value="Long"/>
        <Option Id="OUTPUT_VALUE" value="-128"/>
        <Option Id="OUTPUT_VALUE_RADIX" value="SIGNED"/>
        <Option Id="SOURCE" value="netlist"/>
      </probeOptions>
      <nets>
        <net name="design_1_i/vio_0_probe_out2[7]"/>
        <net name="design_1_i/vio_0_probe_out2[6]"/>
        <net name="design_1_i/vio_0_probe_out2[5]"/>
        <net name="design_1_i/vio_0_probe_out2[4]"/>
        <net name="design_1_i/vio_0_probe_out2[3]"/>
        <net name="design_1_i/vio_0_probe_out2[2]"/>
        <net name="design_1_i/vio_0_probe_out2[1]"/>
        <net name="design_1_i/vio_0_probe_out2[0]"/>
      </nets>
    </probe>
  </probeset>
</hwsession>
